<?xml version="1.0" encoding="UTF-8"?>
<project-private xmlns="http://www.netbeans.org/ns/project-private/1">
    <editor-bookmarks xmlns="http://www.netbeans.org/ns/editor-bookmarks/2" lastBookmarkId="0"/>
    <open-files xmlns="http://www.netbeans.org/ns/projectui-open-files/2">
        <group>
            <file>file:/C:/Users/gm956/MPLABXProjects/car_blackbox.X/set_time.c</file>
            <file>file:/C:/Users/gm956/MPLABXProjects/car_blackbox.X/dashboard_screen.c</file>
            <file>file:/C:/Users/gm956/MPLABXProjects/car_blackbox.X/external_eeprom.c</file>
            <file>file:/C:/Users/gm956/MPLABXProjects/car_blackbox.X/main.h</file>
            <file>file:/C:/Users/gm956/MPLABXProjects/car_blackbox.X/display_menu.c</file>
            <file>file:/C:/Users/gm956/MPLABXProjects/car_blackbox.X/viewlog.c</file>
        </group>
    </open-files>
</project-private>
